"","Question"
"Q0","Do you grow, consult on, or work in allied industry of field crops (ex. alfalfa, small grains, hay, grazed pasture, silage, rice, corn, cotton, sorghum, sunflower, beans, oilseeds, etc.) in the state of California?"
"Q1","What is your primary vocation (defined as taking up 75% or more of your time)? 
**please answer the rest of the questions on this survey as they relate to your primary vocation - Selected Choice"
"Q1_5_TEXT","What is your primary vocation (defined as taking up 75% or more of your time)? 
**please answer the rest of the questions on this survey as they relate to your primary vocation - Allied Industry (e.g. Input supplier, manufacturer, processor, etc.) (please specify): - Text"
"Q1_6_TEXT","What is your primary vocation (defined as taking up 75% or more of your time)? 
**please answer the rest of the questions on this survey as they relate to your primary vocation - Other (please specify): - Text"
"Q2","How many acres do you manage annually (give an estimate)?"
"Q2c","How many acres do you consult on annually (give an estimate)?"
"Q3_1","Of these acres, in a given year estimate approximately what percentage are in the following categories? - Field Crops (ex. alfalfa, small grains, hay, grazed pasture, silage, rice, corn, cotton, sorghum, sunflower, beans, oilseeds, etc.)"
"Q3_2","Of these acres, in a given year estimate approximately what percentage are in the following categories? - Vegetable Crops (ex. processing tomatoes, fresh vegetables - lettuce, melons, onions; vegetable seed production)"
"Q3_3","Of these acres, in a given year estimate approximately what percentage are in the following categories? - Tree and Vine Crops (ex. almonds, walnuts, pistachio, grapes, fresh fruit trees)"
"Q3_9","Of these acres, in a given year estimate approximately what percentage are in the following categories? - Other (please specify):"
"Q3_9_TEXT","Of these acres, in a given year estimate approximately what percentage are in the following categories? - Other (please specify): - Text"
"Q3c_1","In a given year, approximately what percentage of your time is dedicated to consulting in the following categories? - Field Crops (ex. alfalfa, small grains, hay, grazed pasture, silage, rice, corn, cotton, sorghum, sunflower, beans, oilseeds, etc.)"
"Q3c_2","In a given year, approximately what percentage of your time is dedicated to consulting in the following categories? - Vegetable Crops (ex. processing tomatoes, fresh vegetables - lettuce, melons, onions; vegetable seed production)"
"Q3c_3","In a given year, approximately what percentage of your time is dedicated to consulting in the following categories? - Tree and Vine Crops (ex. almonds, walnuts, pistachio, grapes, fresh fruit trees)"
"Q3c_9","In a given year, approximately what percentage of your time is dedicated to consulting in the following categories? - Other (please specify):"
"Q3c_9_TEXT","In a given year, approximately what percentage of your time is dedicated to consulting in the following categories? - Other (please specify): - Text"
"Q4","What county, or counties, do you operate in? (Select all that apply)"
"Q5_1","Rank the top 3 field crops that you have grown in the past 3 years, in terms of the greatest acreage. Enter 1,2,3 next to the crop name (1= the field crop grown on the greatest acreage) - Alfalfa"
"Q5_7","Rank the top 3 field crops that you have grown in the past 3 years, in terms of the greatest acreage. Enter 1,2,3 next to the crop name (1= the field crop grown on the greatest acreage) - Cotton"
"Q5_2","Rank the top 3 field crops that you have grown in the past 3 years, in terms of the greatest acreage. Enter 1,2,3 next to the crop name (1= the field crop grown on the greatest acreage) - Grain - Rice"
"Q5_24","Rank the top 3 field crops that you have grown in the past 3 years, in terms of the greatest acreage. Enter 1,2,3 next to the crop name (1= the field crop grown on the greatest acreage) - Grain - Wild Rice"
"Q5_3","Rank the top 3 field crops that you have grown in the past 3 years, in terms of the greatest acreage. Enter 1,2,3 next to the crop name (1= the field crop grown on the greatest acreage) - Grain - Wheat"
"Q5_4","Rank the top 3 field crops that you have grown in the past 3 years, in terms of the greatest acreage. Enter 1,2,3 next to the crop name (1= the field crop grown on the greatest acreage) - Grain - Triticale"
"Q5_5","Rank the top 3 field crops that you have grown in the past 3 years, in terms of the greatest acreage. Enter 1,2,3 next to the crop name (1= the field crop grown on the greatest acreage) - Grain-Barley"
"Q5_6","Rank the top 3 field crops that you have grown in the past 3 years, in terms of the greatest acreage. Enter 1,2,3 next to the crop name (1= the field crop grown on the greatest acreage) - Grain-Oats"
"Q5_8","Rank the top 3 field crops that you have grown in the past 3 years, in terms of the greatest acreage. Enter 1,2,3 next to the crop name (1= the field crop grown on the greatest acreage) - Grain-Corn"
"Q5_13","Rank the top 3 field crops that you have grown in the past 3 years, in terms of the greatest acreage. Enter 1,2,3 next to the crop name (1= the field crop grown on the greatest acreage) - Grain-Sorghum"
"Q5_9","Rank the top 3 field crops that you have grown in the past 3 years, in terms of the greatest acreage. Enter 1,2,3 next to the crop name (1= the field crop grown on the greatest acreage) - Forage - Corn (silage)"
"Q5_10","Rank the top 3 field crops that you have grown in the past 3 years, in terms of the greatest acreage. Enter 1,2,3 next to the crop name (1= the field crop grown on the greatest acreage) - Forage - Small Grain (silage)"
"Q5_11","Rank the top 3 field crops that you have grown in the past 3 years, in terms of the greatest acreage. Enter 1,2,3 next to the crop name (1= the field crop grown on the greatest acreage) - Forage - Small Grain (hay)"
"Q5_12","Rank the top 3 field crops that you have grown in the past 3 years, in terms of the greatest acreage. Enter 1,2,3 next to the crop name (1= the field crop grown on the greatest acreage) - Forage - grass and grass mixtures (hay)"
"Q5_23","Rank the top 3 field crops that you have grown in the past 3 years, in terms of the greatest acreage. Enter 1,2,3 next to the crop name (1= the field crop grown on the greatest acreage) - Forage - grass and grass mixtures (pasture)"
"Q5_14","Rank the top 3 field crops that you have grown in the past 3 years, in terms of the greatest acreage. Enter 1,2,3 next to the crop name (1= the field crop grown on the greatest acreage) - Forage - Sorghum, Sudangrass, or Sudan types"
"Q5_16","Rank the top 3 field crops that you have grown in the past 3 years, in terms of the greatest acreage. Enter 1,2,3 next to the crop name (1= the field crop grown on the greatest acreage) - Forage - Mixed (hay)"
"Q5_15","Rank the top 3 field crops that you have grown in the past 3 years, in terms of the greatest acreage. Enter 1,2,3 next to the crop name (1= the field crop grown on the greatest acreage) - Dry Beans"
"Q5_17","Rank the top 3 field crops that you have grown in the past 3 years, in terms of the greatest acreage. Enter 1,2,3 next to the crop name (1= the field crop grown on the greatest acreage) - Sunflower (seed)"
"Q5_18","Rank the top 3 field crops that you have grown in the past 3 years, in terms of the greatest acreage. Enter 1,2,3 next to the crop name (1= the field crop grown on the greatest acreage) - Oilseeds (ex. canola, camelina, safflower)"
"Q5_19","Rank the top 3 field crops that you have grown in the past 3 years, in terms of the greatest acreage. Enter 1,2,3 next to the crop name (1= the field crop grown on the greatest acreage) - Sugar beets (sugar, ethanol, or animal feed)"
"Q5_21","Rank the top 3 field crops that you have grown in the past 3 years, in terms of the greatest acreage. Enter 1,2,3 next to the crop name (1= the field crop grown on the greatest acreage) - Hemp"
"Q5_22","Rank the top 3 field crops that you have grown in the past 3 years, in terms of the greatest acreage. Enter 1,2,3 next to the crop name (1= the field crop grown on the greatest acreage) - Other (please specify)"
"Q5_22_TEXT","Rank the top 3 field crops that you have grown in the past 3 years, in terms of the greatest acreage. Enter 1,2,3 next to the crop name (1= the field crop grown on the greatest acreage) - Other (please specify) - Text"
"Q5c_1","Rank the top 3 field crops that you have consulted on in the past 3 years, in terms of the greatest acreage, Enter 1,2,3 next to the crop name (1= the field crop grown on the greatest acreage) - Alfalfa"
"Q5c_7","Rank the top 3 field crops that you have consulted on in the past 3 years, in terms of the greatest acreage, Enter 1,2,3 next to the crop name (1= the field crop grown on the greatest acreage) - Cotton"
"Q5c_2","Rank the top 3 field crops that you have consulted on in the past 3 years, in terms of the greatest acreage, Enter 1,2,3 next to the crop name (1= the field crop grown on the greatest acreage) - Grain - Rice"
"Q5c_24","Rank the top 3 field crops that you have consulted on in the past 3 years, in terms of the greatest acreage, Enter 1,2,3 next to the crop name (1= the field crop grown on the greatest acreage) - Grain - Wild Rice"
"Q5c_3","Rank the top 3 field crops that you have consulted on in the past 3 years, in terms of the greatest acreage, Enter 1,2,3 next to the crop name (1= the field crop grown on the greatest acreage) - Grain - Wheat"
"Q5c_4","Rank the top 3 field crops that you have consulted on in the past 3 years, in terms of the greatest acreage, Enter 1,2,3 next to the crop name (1= the field crop grown on the greatest acreage) - Grain - Triticale"
"Q5c_5","Rank the top 3 field crops that you have consulted on in the past 3 years, in terms of the greatest acreage, Enter 1,2,3 next to the crop name (1= the field crop grown on the greatest acreage) - Grain-Barley"
"Q5c_6","Rank the top 3 field crops that you have consulted on in the past 3 years, in terms of the greatest acreage, Enter 1,2,3 next to the crop name (1= the field crop grown on the greatest acreage) - Grain-Oats"
"Q5c_8","Rank the top 3 field crops that you have consulted on in the past 3 years, in terms of the greatest acreage, Enter 1,2,3 next to the crop name (1= the field crop grown on the greatest acreage) - Grain-Corn"
"Q5c_13","Rank the top 3 field crops that you have consulted on in the past 3 years, in terms of the greatest acreage, Enter 1,2,3 next to the crop name (1= the field crop grown on the greatest acreage) - Grain-Sorghum"
"Q5c_9","Rank the top 3 field crops that you have consulted on in the past 3 years, in terms of the greatest acreage, Enter 1,2,3 next to the crop name (1= the field crop grown on the greatest acreage) - Forage - Corn (silage)"
"Q5c_10","Rank the top 3 field crops that you have consulted on in the past 3 years, in terms of the greatest acreage, Enter 1,2,3 next to the crop name (1= the field crop grown on the greatest acreage) - Forage - Small Grain (silage)"
"Q5c_11","Rank the top 3 field crops that you have consulted on in the past 3 years, in terms of the greatest acreage, Enter 1,2,3 next to the crop name (1= the field crop grown on the greatest acreage) - Forage - Small Grain (hay)"
"Q5c_12","Rank the top 3 field crops that you have consulted on in the past 3 years, in terms of the greatest acreage, Enter 1,2,3 next to the crop name (1= the field crop grown on the greatest acreage) - Forage - grass and grass mixtures (hay)"
"Q5c_23","Rank the top 3 field crops that you have consulted on in the past 3 years, in terms of the greatest acreage, Enter 1,2,3 next to the crop name (1= the field crop grown on the greatest acreage) - Forage - grass and grass mixtures (pasture)"
"Q5c_14","Rank the top 3 field crops that you have consulted on in the past 3 years, in terms of the greatest acreage, Enter 1,2,3 next to the crop name (1= the field crop grown on the greatest acreage) - Forage - Sorghum, Sudangrass, or Sudan types"
"Q5c_16","Rank the top 3 field crops that you have consulted on in the past 3 years, in terms of the greatest acreage, Enter 1,2,3 next to the crop name (1= the field crop grown on the greatest acreage) - Forage - Mixed (hay)"
"Q5c_15","Rank the top 3 field crops that you have consulted on in the past 3 years, in terms of the greatest acreage, Enter 1,2,3 next to the crop name (1= the field crop grown on the greatest acreage) - Dry Beans"
"Q5c_17","Rank the top 3 field crops that you have consulted on in the past 3 years, in terms of the greatest acreage, Enter 1,2,3 next to the crop name (1= the field crop grown on the greatest acreage) - Sunflower (seed)"
"Q5c_18","Rank the top 3 field crops that you have consulted on in the past 3 years, in terms of the greatest acreage, Enter 1,2,3 next to the crop name (1= the field crop grown on the greatest acreage) - Oilseeds (ex. canola, camelina, safflower)"
"Q5c_19","Rank the top 3 field crops that you have consulted on in the past 3 years, in terms of the greatest acreage, Enter 1,2,3 next to the crop name (1= the field crop grown on the greatest acreage) - Sugar beets (sugar, ethanol, or animal feed)"
"Q5c_21","Rank the top 3 field crops that you have consulted on in the past 3 years, in terms of the greatest acreage, Enter 1,2,3 next to the crop name (1= the field crop grown on the greatest acreage) - Hemp"
"Q5c_22","Rank the top 3 field crops that you have consulted on in the past 3 years, in terms of the greatest acreage, Enter 1,2,3 next to the crop name (1= the field crop grown on the greatest acreage) - Other (please specify)"
"Q5c_22_TEXT","Rank the top 3 field crops that you have consulted on in the past 3 years, in terms of the greatest acreage, Enter 1,2,3 next to the crop name (1= the field crop grown on the greatest acreage) - Other (please specify) - Text"
"Q6_1","In regards to the production of FIELD CROPS in California, rate your concern for the following: - Commodity price of crops"
"Q6_2","In regards to the production of FIELD CROPS in California, rate your concern for the following: - Market access"
"Q6_3","In regards to the production of FIELD CROPS in California, rate your concern for the following: - Consumer demand"
"Q6_4","In regards to the production of FIELD CROPS in California, rate your concern for the following: - Input costs (fertilizers, pesticides, herbicides, seeds)"
"Q6_5","In regards to the production of FIELD CROPS in California, rate your concern for the following: - Water costs (delivery or pumping)"
"Q6_6","In regards to the production of FIELD CROPS in California, rate your concern for the following: - Land tenure/cost"
"Q6_7","In regards to the production of FIELD CROPS in California, rate your concern for the following: - Water quality/availability"
"Q6_8","In regards to the production of FIELD CROPS in California, rate your concern for the following: - Labor availability/quality"
"Q6_9","In regards to the production of FIELD CROPS in California, rate your concern for the following: - Regulations on water use (quantity)"
"Q6_10","In regards to the production of FIELD CROPS in California, rate your concern for the following: - Regulations on water quality"
"Q6_11","In regards to the production of FIELD CROPS in California, rate your concern for the following: - Regulations on Labor"
"Q6_12","In regards to the production of FIELD CROPS in California, rate your concern for the following: - Regulations on chemical use (fertilizers, herbicides, pesticides)"
"Q6_13","In regards to the production of FIELD CROPS in California, rate your concern for the following: - Regulations on Air Quality"
"Q6_14","In regards to the production of FIELD CROPS in California, rate your concern for the following: - Changing weather and climate"
"Q6_15","In regards to the production of FIELD CROPS in California, rate your concern for the following: - Soil Degradation"
"Q6_16","In regards to the production of FIELD CROPS in California, rate your concern for the following: - Other (specify)"
"Q6_16_TEXT","In regards to the production of FIELD CROPS in California, rate your concern for the following: - Other (specify) - Text"
"Q6_17","In regards to the production of FIELD CROPS in California, rate your concern for the following: - Other (specify)"
"Q6_17_TEXT","In regards to the production of FIELD CROPS in California, rate your concern for the following: - Other (specify) - Text"
"Q7_1","Select the highest priority management challenge(s) for each field crop you selected (select all that apply) - Alfalfa"
"Q7_2","Select the highest priority management challenge(s) for each field crop you selected (select all that apply) - Cotton"
"Q7_3","Select the highest priority management challenge(s) for each field crop you selected (select all that apply) - Grain - Rice"
"Q7_4","Select the highest priority management challenge(s) for each field crop you selected (select all that apply) - Grain - Wild Rice"
"Q7_5","Select the highest priority management challenge(s) for each field crop you selected (select all that apply) - Grain - Wheat"
"Q7_6","Select the highest priority management challenge(s) for each field crop you selected (select all that apply) - Grain - Triticale"
"Q7_7","Select the highest priority management challenge(s) for each field crop you selected (select all that apply) - Grain-Barley"
"Q7_8","Select the highest priority management challenge(s) for each field crop you selected (select all that apply) - Grain-Oats"
"Q7_9","Select the highest priority management challenge(s) for each field crop you selected (select all that apply) - Grain-Corn"
"Q7_10","Select the highest priority management challenge(s) for each field crop you selected (select all that apply) - Grain-Sorghum"
"Q7_11","Select the highest priority management challenge(s) for each field crop you selected (select all that apply) - Forage - Corn (silage)"
"Q7_12","Select the highest priority management challenge(s) for each field crop you selected (select all that apply) - Forage - Small Grain (silage)"
"Q7_13","Select the highest priority management challenge(s) for each field crop you selected (select all that apply) - Forage - Small Grain (hay)"
"Q7_14","Select the highest priority management challenge(s) for each field crop you selected (select all that apply) - Forage - grass and grass mixtures (hay)"
"Q7_15","Select the highest priority management challenge(s) for each field crop you selected (select all that apply) - Forage - grass and grass mixtures (pasture)"
"Q7_16","Select the highest priority management challenge(s) for each field crop you selected (select all that apply) - Forage - Sorghum, Sudangrass, or Sudan types"
"Q7_17","Select the highest priority management challenge(s) for each field crop you selected (select all that apply) - Forage - Mixed (hay)"
"Q7_18","Select the highest priority management challenge(s) for each field crop you selected (select all that apply) - Dry Beans"
"Q7_19","Select the highest priority management challenge(s) for each field crop you selected (select all that apply) - Sunflower (seed)"
"Q7_20","Select the highest priority management challenge(s) for each field crop you selected (select all that apply) - Oilseeds (ex. canola, camelina, safflower)"
"Q7_21","Select the highest priority management challenge(s) for each field crop you selected (select all that apply) - Sugar beets (sugar, ethanol, or animal feed)"
"Q7_22","Select the highest priority management challenge(s) for each field crop you selected (select all that apply) - Hemp"
"Q7_23","Select the highest priority management challenge(s) for each field crop you selected (select all that apply) - Other (please specify)"
"Q7_23_TEXT","Select the highest priority management challenge(s) for each field crop you selected (select all that apply) - Other (please specify) - Text"
"Q7b","Other priority management challenges? (please specify):"
"Q7c_1","Select the highest priority management challenge(s) for each field crop you selected (select all that apply) - Alfalfa"
"Q7c_2","Select the highest priority management challenge(s) for each field crop you selected (select all that apply) - Cotton"
"Q7c_3","Select the highest priority management challenge(s) for each field crop you selected (select all that apply) - Grain - Rice"
"Q7c_4","Select the highest priority management challenge(s) for each field crop you selected (select all that apply) - Grain - Wild Rice"
"Q7c_5","Select the highest priority management challenge(s) for each field crop you selected (select all that apply) - Grain - Wheat"
"Q7c_6","Select the highest priority management challenge(s) for each field crop you selected (select all that apply) - Grain - Triticale"
"Q7c_7","Select the highest priority management challenge(s) for each field crop you selected (select all that apply) - Grain-Barley"
"Q7c_8","Select the highest priority management challenge(s) for each field crop you selected (select all that apply) - Grain-Oats"
"Q7c_9","Select the highest priority management challenge(s) for each field crop you selected (select all that apply) - Grain-Corn"
"Q7c_10","Select the highest priority management challenge(s) for each field crop you selected (select all that apply) - Grain-Sorghum"
"Q7c_11","Select the highest priority management challenge(s) for each field crop you selected (select all that apply) - Forage - Corn (silage)"
"Q7c_12","Select the highest priority management challenge(s) for each field crop you selected (select all that apply) - Forage - Small Grain (silage)"
"Q7c_13","Select the highest priority management challenge(s) for each field crop you selected (select all that apply) - Forage - Small Grain (hay)"
"Q7c_14","Select the highest priority management challenge(s) for each field crop you selected (select all that apply) - Forage - grass and grass mixtures (hay)"
"Q7c_15","Select the highest priority management challenge(s) for each field crop you selected (select all that apply) - Forage - grass and grass mixtures (pasture)"
"Q7c_16","Select the highest priority management challenge(s) for each field crop you selected (select all that apply) - Forage - Sorghum, Sudangrass, or Sudan types"
"Q7c_17","Select the highest priority management challenge(s) for each field crop you selected (select all that apply) - Forage - Mixed (hay)"
"Q7c_18","Select the highest priority management challenge(s) for each field crop you selected (select all that apply) - Dry Beans"
"Q7c_19","Select the highest priority management challenge(s) for each field crop you selected (select all that apply) - Sunflower (seed)"
"Q7c_20","Select the highest priority management challenge(s) for each field crop you selected (select all that apply) - Oilseeds (ex. canola, camelina, safflower)"
"Q7c_21","Select the highest priority management challenge(s) for each field crop you selected (select all that apply) - Sugar beets (sugar, ethanol, or animal feed)"
"Q7c_22","Select the highest priority management challenge(s) for each field crop you selected (select all that apply) - Hemp"
"Q7c_23","Select the highest priority management challenge(s) for each field crop you selected (select all that apply) - Other (please specify)"
"Q7c_23_TEXT","Select the highest priority management challenge(s) for each field crop you selected (select all that apply) - Other (please specify) - Text"
"Q7d","Other priority management challenges? (please specify):"
"Q8_1","What are the primary reasons that you grow the following field crops? Check all that apply for each field crop you grow. - Alfalfa"
"Q8_2","What are the primary reasons that you grow the following field crops? Check all that apply for each field crop you grow. - Cotton"
"Q8_3","What are the primary reasons that you grow the following field crops? Check all that apply for each field crop you grow. - Grain - Rice"
"Q8_4","What are the primary reasons that you grow the following field crops? Check all that apply for each field crop you grow. - Grain - Wild Rice"
"Q8_5","What are the primary reasons that you grow the following field crops? Check all that apply for each field crop you grow. - Grain - Wheat"
"Q8_6","What are the primary reasons that you grow the following field crops? Check all that apply for each field crop you grow. - Grain - Triticale"
"Q8_7","What are the primary reasons that you grow the following field crops? Check all that apply for each field crop you grow. - Grain-Barley"
"Q8_8","What are the primary reasons that you grow the following field crops? Check all that apply for each field crop you grow. - Grain-Oats"
"Q8_9","What are the primary reasons that you grow the following field crops? Check all that apply for each field crop you grow. - Grain-Corn"
"Q8_10","What are the primary reasons that you grow the following field crops? Check all that apply for each field crop you grow. - Grain-Sorghum"
"Q8_11","What are the primary reasons that you grow the following field crops? Check all that apply for each field crop you grow. - Forage - Corn (silage)"
"Q8_12","What are the primary reasons that you grow the following field crops? Check all that apply for each field crop you grow. - Forage - Small Grain (silage)"
"Q8_13","What are the primary reasons that you grow the following field crops? Check all that apply for each field crop you grow. - Forage - Small Grain (hay)"
"Q8_14","What are the primary reasons that you grow the following field crops? Check all that apply for each field crop you grow. - Forage - grass and grass mixtures (hay)"
"Q8_15","What are the primary reasons that you grow the following field crops? Check all that apply for each field crop you grow. - Forage - grass and grass mixtures (pasture)"
"Q8_16","What are the primary reasons that you grow the following field crops? Check all that apply for each field crop you grow. - Forage - Sorghum, Sudangrass, or Sudan types"
"Q8_17","What are the primary reasons that you grow the following field crops? Check all that apply for each field crop you grow. - Forage - Mixed (hay)"
"Q8_18","What are the primary reasons that you grow the following field crops? Check all that apply for each field crop you grow. - Dry Beans"
"Q8_19","What are the primary reasons that you grow the following field crops? Check all that apply for each field crop you grow. - Sunflower (seed)"
"Q8_20","What are the primary reasons that you grow the following field crops? Check all that apply for each field crop you grow. - Oilseeds (ex. canola, camelina, safflower)"
"Q8_21","What are the primary reasons that you grow the following field crops? Check all that apply for each field crop you grow. - Sugar beets (sugar, ethanol, or animal feed)"
"Q8_22","What are the primary reasons that you grow the following field crops? Check all that apply for each field crop you grow. - Hemp"
"Q8_23","What are the primary reasons that you grow the following field crops? Check all that apply for each field crop you grow. - Other (please specify)"
"Q8_23_TEXT","What are the primary reasons that you grow the following field crops? Check all that apply for each field crop you grow. - Other (please specify) - Text"
"Q8b","Other primary reasons for growing the following crops? (please specify):"
"Q9_1","How often do the following priorities affect your management decisions for field crop production? - Profitability"
"Q9_2","How often do the following priorities affect your management decisions for field crop production? - Crop Yield"
"Q9_3","How often do the following priorities affect your management decisions for field crop production? - Crop Quality"
"Q9_4","How often do the following priorities affect your management decisions for field crop production? - Keeping input costs low"
"Q9_5","How often do the following priorities affect your management decisions for field crop production? - Soil Fertility"
"Q9_6","How often do the following priorities affect your management decisions for field crop production? - Land stewardship"
"Q9_7","How often do the following priorities affect your management decisions for field crop production? - Natural resource conservation"
"Q9_8","How often do the following priorities affect your management decisions for field crop production? - Meeting government regulations"
"Q9_9","How often do the following priorities affect your management decisions for field crop production? - Labor required"
"Q9_10","How often do the following priorities affect your management decisions for field crop production? - Ease of implementation"
"Q9_11","How often do the following priorities affect your management decisions for field crop production? - Certainty that a management practice will work"
"Q9_12","How often do the following priorities affect your management decisions for field crop production? - Availability of extension and outreach information"
"Q9_13","How often do the following priorities affect your management decisions for field crop production? - Availability of water"
"Q9_14","How often do the following priorities affect your management decisions for field crop production? - Other (please specify)"
"Q9_14_TEXT","How often do the following priorities affect your management decisions for field crop production? - Other (please specify) - Text"
"Q9c_1","How often do the following priorities affect your recommendations for field crop production? - Profitability"
"Q9c_2","How often do the following priorities affect your recommendations for field crop production? - Crop Yield"
"Q9c_3","How often do the following priorities affect your recommendations for field crop production? - Crop Quality"
"Q9c_4","How often do the following priorities affect your recommendations for field crop production? - Keeping input costs low"
"Q9c_5","How often do the following priorities affect your recommendations for field crop production? - Soil Fertility"
"Q9c_6","How often do the following priorities affect your recommendations for field crop production? - Land stewardship"
"Q9c_7","How often do the following priorities affect your recommendations for field crop production? - Natural resource conservation"
"Q9c_8","How often do the following priorities affect your recommendations for field crop production? - Meeting government regulations"
"Q9c_9","How often do the following priorities affect your recommendations for field crop production? - Labor required"
"Q9c_10","How often do the following priorities affect your recommendations for field crop production? - Ease of implementation"
"Q9c_11","How often do the following priorities affect your recommendations for field crop production? - Certainty that a management practice will work"
"Q9c_12","How often do the following priorities affect your recommendations for field crop production? - Availability of extension and outreach information"
"Q9c_13","How often do the following priorities affect your recommendations for field crop production? - Availability of water"
"Q9c_14","How often do the following priorities affect your recommendations for field crop production? - Other (please specify)"
"Q9c_14_TEXT","How often do the following priorities affect your recommendations for field crop production? - Other (please specify) - Text"
"Q10","Who do you communicate with when seeking information about field crop production? (Check all that apply) - Selected Choice"
"Q10_28_TEXT","Who do you communicate with when seeking information about field crop production? (Check all that apply) - Non-Profit Organization (please specify) - Text"
"Q10_15_TEXT","Who do you communicate with when seeking information about field crop production? (Check all that apply) - Other (please specify): - Text"
"Q11_1","How often do you engage with UC Cooperative Extension (UCCE) in the following ways? - Attend a Field Day"
"Q11_2","How often do you engage with UC Cooperative Extension (UCCE) in the following ways? - Read a UCCE Blog"
"Q11_3","How often do you engage with UC Cooperative Extension (UCCE) in the following ways? - Call a UCCE advisor for a farm call"
"Q11_4","How often do you engage with UC Cooperative Extension (UCCE) in the following ways? - Read a UCCE newsletter"
"Q11_5","How often do you engage with UC Cooperative Extension (UCCE) in the following ways? - Interact with UCCE social media (Facebook, Instagram, etc.)"
"Q12_1","How much do you value the following: - Continuing Education Credits offered at UC Cooperative Extension meetings"
"Q12_2","How much do you value the following: - On-farm consultations"
"Q12_3","How much do you value the following: - Diagnosing crop injuries from insects, pathogens, or nutrients"
"Q12_4","How much do you value the following: - On-Farm Trials"
"Q13a_1","Rate what you believe should be the University of California's Research and Extension priorities for field crop production - Irrigation Management/Crop water requirements"
"Q13a_2","Rate what you believe should be the University of California's Research and Extension priorities for field crop production - Water Conservation and Storage"
"Q13a_3","Rate what you believe should be the University of California's Research and Extension priorities for field crop production - Nutrient Management (fertilizer application rates, timing, methods, etc.)"
"Q13a_4","Rate what you believe should be the University of California's Research and Extension priorities for field crop production - Salinity Management"
"Q13a_5","Rate what you believe should be the University of California's Research and Extension priorities for field crop production - Soil Health Management (ex. conservation tillage, crop rotation)"
"Q13a_6","Rate what you believe should be the University of California's Research and Extension priorities for field crop production - Cover Crops"
"Q13a_7","Rate what you believe should be the University of California's Research and Extension priorities for field crop production - Weed Control"
"Q13a_8","Rate what you believe should be the University of California's Research and Extension priorities for field crop production - Insect Pest Control"
"Q13a_9","Rate what you believe should be the University of California's Research and Extension priorities for field crop production - Disease Control"
"Q13a_10","Rate what you believe should be the University of California's Research and Extension priorities for field crop production - Manure Management"
"Q13a_11","Rate what you believe should be the University of California's Research and Extension priorities for field crop production - Compost Management"
"Q13a_12","Rate what you believe should be the University of California's Research and Extension priorities for field crop production - Crop Establishment"
"Q13a_13","Rate what you believe should be the University of California's Research and Extension priorities for field crop production - Variety Testing"
"Q13a_14","Rate what you believe should be the University of California's Research and Extension priorities for field crop production - Harvest/Postharvest"
"Q13a_15","Rate what you believe should be the University of California's Research and Extension priorities for field crop production - Emerging Crops (e.g. hemp)"
"Q13a_16","Rate what you believe should be the University of California's Research and Extension priorities for field crop production - Testing new products (pesticides, herbicides, biostimulants etc.)"
"Q13a_17","Rate what you believe should be the University of California's Research and Extension priorities for field crop production - Niche marketing of field crops"
"Q13a_18","Rate what you believe should be the University of California's Research and Extension priorities for field crop production - Greenhouse Gas Emissions Reduction"
"Q13a_19","Rate what you believe should be the University of California's Research and Extension priorities for field crop production - Organic Production"
"Q13a_20","Rate what you believe should be the University of California's Research and Extension priorities for field crop production - Other (please specify)"
"Q13a_20_TEXT","Rate what you believe should be the University of California's Research and Extension priorities for field crop production - Other (please specify) - Text"
"Q13b_1","Rate your current level of satisfaction with UCCE's delivery of information on these topics - Irrigation Management/Crop water requirements"
"Q13b_2","Rate your current level of satisfaction with UCCE's delivery of information on these topics - Water Conservation and Storage"
"Q13b_3","Rate your current level of satisfaction with UCCE's delivery of information on these topics - Nutrient Management (fertilizer application rates, timing, methods, etc.)"
"Q13b_4","Rate your current level of satisfaction with UCCE's delivery of information on these topics - Salinity Management"
"Q13b_5","Rate your current level of satisfaction with UCCE's delivery of information on these topics - Soil Health Management (ex. conservation tillage, crop rotation)"
"Q13b_6","Rate your current level of satisfaction with UCCE's delivery of information on these topics - Cover Crops"
"Q13b_7","Rate your current level of satisfaction with UCCE's delivery of information on these topics - Weed Control"
"Q13b_8","Rate your current level of satisfaction with UCCE's delivery of information on these topics - Insect Pest Control"
"Q13b_9","Rate your current level of satisfaction with UCCE's delivery of information on these topics - Disease Control"
"Q13b_10","Rate your current level of satisfaction with UCCE's delivery of information on these topics - Manure Management"
"Q13b_11","Rate your current level of satisfaction with UCCE's delivery of information on these topics - Compost Management"
"Q13b_12","Rate your current level of satisfaction with UCCE's delivery of information on these topics - Crop Establishment"
"Q13b_13","Rate your current level of satisfaction with UCCE's delivery of information on these topics - Variety Testing"
"Q13b_14","Rate your current level of satisfaction with UCCE's delivery of information on these topics - Harvest/Postharvest"
"Q13b_15","Rate your current level of satisfaction with UCCE's delivery of information on these topics - Emerging Crops (e.g. hemp)"
"Q13b_16","Rate your current level of satisfaction with UCCE's delivery of information on these topics - Testing new products (pesticides, herbicides, biostimulants etc.)"
"Q13b_17","Rate your current level of satisfaction with UCCE's delivery of information on these topics - Niche marketing of field crops"
"Q13b_18","Rate your current level of satisfaction with UCCE's delivery of information on these topics - Greenhouse Gas Emissions Reduction"
"Q13b_19","Rate your current level of satisfaction with UCCE's delivery of information on these topics - Organic Production"
"Q13b_20","Rate your current level of satisfaction with UCCE's delivery of information on these topics - Other (please specify)"
"Q13b_20_TEXT","Rate your current level of satisfaction with UCCE's delivery of information on these topics - Other (please specify) - Text"
"Q14","What type of information would you like to receive from UC Cooperative Extension? - Selected Choice"
"Q14_9_TEXT","What type of information would you like to receive from UC Cooperative Extension? - Other (please specify): - Text"
"Q15","How would you prefer to receive information from UC Cooperative Extension (check all that apply) - Selected Choice"
"Q15_11_TEXT","How would you prefer to receive information from UC Cooperative Extension (check all that apply) - Other (specify) - Text"
"Q16","Where do you most often look for field crop production information on the internet? - Selected Choice"
"Q16_5_TEXT","Where do you most often look for field crop production information on the internet? - Other state's Cooperative Extension websites (specify which universities): - Text"
"Q16_6_TEXT","Where do you most often look for field crop production information on the internet? - Farmer network or forum (please specify) - Text"
"Q16_7_TEXT","Where do you most often look for field crop production information on the internet? - YouTube (who/what channel?) - Text"
"Q16_9_TEXT","Where do you most often look for field crop production information on the internet? - Other (specify) - Text"
"Q17_1","How long have you been involved in field crop production? - Years involved in agronomic crop production on any farm"
"Q17_2","How long have you been involved in field crop production? - Years on present farm"
"Q17c","How long have you been consulting on field crops?"
"Q18_4","Approximately what percentage of your total income comes from farming? - % income from farming"
"Q18c_4","Approximately what percentage of your total income comes from consulting? - % income from consulting"
"Q19_4","Of the total acres you manage or consult on annually, what % are irrigated? - % total irrigated acres"
"Q20_1","Of the total acres you manage or consult on annually, what % are leased or owned? - % Leased"
"Q20_2","Of the total acres you manage or consult on annually, what % are leased or owned? - % Owned"
"Q21","Do you have ideas for applied research or Extension that you would like to see tested?"
"Q22","Optional Demographic Questions:
Age"
"Q23","How do you describe yourself?"
"Q24","Race/Ethnicity (check one or more) - Selected Choice"
"Q24_7_TEXT","Race/Ethnicity (check one or more) - Other (please specify) - Text"
"Q25","Thank you so much for completing this questionnaire! Would you like to enter your email address to receive a $10 gift card?"
"Q6_13_TEXT - Sentiment","Q6_13_TEXT - Sentiment"
"Q6_13_TEXT - Sentiment Score","Q6_13_TEXT - Sentiment Score"
"Q6_13_TEXT - Sentiment Polarity","Q6_13_TEXT - Sentiment Polarity"
"Q6_13_TEXT - Topic Sentiment Label","Q6_13_TEXT - Topic Sentiment Label"
"Q6_13_TEXT - Topic Sentiment Score","Q6_13_TEXT - Topic Sentiment Score"
"Q6_13_TEXT - Topics","Q6_13_TEXT - Topics"
"Q6_13_TEXT - Parent Topics","Q6_13_TEXT - Parent Topics"
"Size Quartile 1","Size Quartile 1"
"Q1_6_TEXT - Sentiment","Q1_6_TEXT - Sentiment"
"Q1_6_TEXT - Sentiment Score","Q1_6_TEXT - Sentiment Score"
"Q1_6_TEXT - Sentiment Polarity","Q1_6_TEXT - Sentiment Polarity"
"Q1_6_TEXT - Topic Sentiment Label","Q1_6_TEXT - Topic Sentiment Label"
"Q1_6_TEXT - Topic Sentiment Score","Q1_6_TEXT - Topic Sentiment Score"
"Q1_6_TEXT - Topics","Q1_6_TEXT - Topics"
"Q1_6_TEXT - Parent Topics","Q1_6_TEXT - Parent Topics"
